{
    "r2_score": 0.9490806223479491,
    "mae": 0.027777777777777776,
    "mse": 0.027777777777777776,
    "confusion_matrix": 